,Show ID,Pais
0,s1,United States
9,s10,United States
15,s16,United States
27,s28,United States
28,s29,United States
40,s41,United States
41,s42,United States
42,s43,United States
43,s44,United States
44,s45,United States
48,s49,United States
55,s56,United States
67,s68,United States
81,s82,United States
82,s83,United States
96,s97,United States
97,s98,United States
101,s102,United States
106,s107,United States
107,s108,United States
125,s126,United States
131,s132,United States
138,s139,United States
139,s140,United States
143,s144,United States
144,s145,United States
145,s146,United States
146,s147,United States
149,s150,United States
150,s151,United States
152,s153,United States
156,s157,United States
158,s159,United States
160,s161,United States
161,s162,United States
163,s164,United States
164,s165,United States
168,s169,United States
169,s170,United States
170,s171,United States
171,s172,United States
173,s174,United States
174,s175,United States
175,s176,United States
176,s177,United States
178,s179,United States
179,s180,United States
182,s183,United States
183,s184,United States
184,s185,United States
220,s221,United States
227,s228,United States
229,s230,United States
231,s232,United States
232,s233,United States
241,s242,United States
247,s248,United States
251,s252,United States
254,s255,United States
263,s264,United States
264,s265,United States
271,s272,United States
272,s273,United States
274,s275,United States
280,s281,United States
286,s287,United States
290,s291,United States
295,s296,United States
307,s308,United States
308,s309,United States
310,s311,United States
312,s313,United States
314,s315,United States
317,s318,United States
323,s324,United States
325,s326,United States
326,s327,United States
333,s334,United States
334,s335,United States
335,s336,United States
341,s342,United States
342,s343,United States
343,s344,United States
344,s345,United States
346,s347,United States
349,s350,United States
350,s351,United States
353,s354,United States
354,s355,United States
355,s356,United States
358,s359,United States
359,s360,United States
360,s361,United States
361,s362,United States
370,s371,United States
378,s379,United States
380,s381,United States
382,s383,United States
390,s391,United States
392,s393,United States
403,s404,United States
425,s426,United States
433,s434,United States
437,s438,United States
440,s441,United States
445,s446,United States
446,s447,United States
447,s448,United States
448,s449,United States
449,s450,United States
450,s451,United States
451,s452,United States
459,s460,United States
462,s463,United States
472,s473,United States
473,s474,United States
477,s478,United States
488,s489,United States
491,s492,United States
492,s493,United States
494,s495,United States
499,s500,United States
509,s510,United States
511,s512,United States
513,s514,United States
520,s521,United States
526,s527,United States
530,s531,United States
532,s533,United States
547,s548,United States
548,s549,United States
558,s559,United States
561,s562,United States
562,s563,United States
563,s564,United States
564,s565,United States
567,s568,United States
568,s569,United States
575,s576,United States
579,s580,United States
581,s582,United States
582,s583,United States
584,s585,United States
588,s589,United States
591,s592,United States
592,s593,United States
593,s594,United States
596,s597,United States
597,s598,United States
599,s600,United States
600,s601,United States
601,s602,United States
602,s603,United States
603,s604,United States
605,s606,United States
607,s608,United States
615,s616,United States
618,s619,United States
620,s621,United States
622,s623,United States
628,s629,United States
630,s631,United States
638,s639,United States
643,s644,United States
648,s649,United States
657,s658,United States
660,s661,United States
662,s663,United States
667,s668,United States
668,s669,United States
674,s675,United States
676,s677,United States
678,s679,United States
680,s681,United States
685,s686,United States
702,s703,United States
708,s709,United States
713,s714,United States
716,s717,United States
718,s719,United States
719,s720,United States
721,s722,United States
722,s723,United States
723,s724,United States
726,s727,United States
727,s728,United States
728,s729,United States
740,s741,United States
746,s747,United States
748,s749,United States
749,s750,United States
757,s758,United States
763,s764,United States
774,s775,United States
775,s776,United States
776,s777,United States
777,s778,United States
779,s780,United States
785,s786,United States
786,s787,United States
787,s788,United States
788,s789,United States
790,s791,United States
791,s792,United States
792,s793,United States
793,s794,United States
795,s796,United States
796,s797,United States
797,s798,United States
798,s799,United States
799,s800,United States
800,s801,United States
801,s802,United States
809,s810,United States
810,s811,United States
812,s813,United States
814,s815,United States
817,s818,United States
818,s819,United States
819,s820,United States
822,s823,United States
823,s824,United States
824,s825,United States
825,s826,United States
826,s827,United States
828,s829,United States
830,s831,United States
834,s835,United States
846,s847,United States
848,s849,United States
853,s854,United States
855,s856,United States
862,s863,United States
863,s864,United States
865,s866,United States
866,s867,United States
867,s868,United States
870,s871,United States
872,s873,United States
879,s880,United States
883,s884,United States
889,s890,United States
890,s891,United States
896,s897,United States
900,s901,United States
901,s902,United States
904,s905,United States
907,s908,United States
908,s909,United States
910,s911,United States
916,s917,United States
917,s918,United States
919,s920,United States
921,s922,United States
922,s923,United States
924,s925,United States
926,s927,United States
928,s929,United States
930,s931,United States
931,s932,United States
935,s936,United States
943,s944,United States
948,s949,United States
951,s952,United States
952,s953,United States
953,s954,United States
956,s957,United States
969,s970,United States
970,s971,United States
975,s976,United States
993,s994,United States
1011,s1012,United States
1015,s1016,United States
1024,s1025,United States
1026,s1027,United States
1029,s1030,United States
1034,s1035,United States
1036,s1037,United States
1039,s1040,United States
1042,s1043,United States
1043,s1044,United States
1045,s1046,United States
1046,s1047,United States
1052,s1053,United States
1053,s1054,United States
1055,s1056,United States
1057,s1058,United States
1059,s1060,United States
1061,s1062,United States
1063,s1064,United States
1068,s1069,United States
1070,s1071,United States
1081,s1082,United States
1083,s1084,United States
1088,s1089,United States
1089,s1090,United States
1100,s1101,United States
1102,s1103,United States
1106,s1107,United States
1112,s1113,United States
1113,s1114,United States
1121,s1122,United States
1124,s1125,United States
1126,s1127,United States
1127,s1128,United States
1128,s1129,United States
1133,s1134,United States
1135,s1136,United States
1139,s1140,United States
1140,s1141,United States
1142,s1143,United States
1143,s1144,United States
1150,s1151,United States
1152,s1153,United States
1154,s1155,United States
1156,s1157,United States
1157,s1158,United States
1158,s1159,United States
1168,s1169,United States
1171,s1172,United States
1178,s1179,United States
1181,s1182,United States
1187,s1188,United States
1189,s1190,United States
1191,s1192,United States
1195,s1196,United States
1199,s1200,United States
1200,s1201,United States
1204,s1205,United States
1213,s1214,United States
1218,s1219,United States
1222,s1223,United States
1231,s1232,United States
1239,s1240,United States
1240,s1241,United States
1241,s1242,United States
1242,s1243,United States
1243,s1244,United States
1245,s1246,United States
1248,s1249,United States
1253,s1254,United States
1254,s1255,United States
1259,s1260,United States
1264,s1265,United States
1272,s1273,United States
1274,s1275,United States
1275,s1276,United States
1277,s1278,United States
1278,s1279,United States
1283,s1284,United States
1288,s1289,United States
1297,s1298,United States
1300,s1301,United States
1302,s1303,United States
1303,s1304,United States
1304,s1305,United States
1306,s1307,United States
1307,s1308,United States
1309,s1310,United States
1310,s1311,United States
1313,s1314,United States
1314,s1315,United States
1318,s1319,United States
1324,s1325,United States
1327,s1328,United States
1328,s1329,United States
1330,s1331,United States
1331,s1332,United States
1332,s1333,United States
1335,s1336,United States
1341,s1342,United States
1343,s1344,United States
1348,s1349,United States
1350,s1351,United States
1352,s1353,United States
1353,s1354,United States
1355,s1356,United States
1356,s1357,United States
1358,s1359,United States
1361,s1362,United States
1363,s1364,United States
1364,s1365,United States
1367,s1368,United States
1369,s1370,United States
1371,s1372,United States
1374,s1375,United States
1375,s1376,United States
1377,s1378,United States
1389,s1390,United States
1391,s1392,United States
1393,s1394,United States
1394,s1395,United States
1395,s1396,United States
1396,s1397,United States
1399,s1400,United States
1400,s1401,United States
1401,s1402,United States
1402,s1403,United States
1404,s1405,United States
1406,s1407,United States
1409,s1410,United States
1411,s1412,United States
1415,s1416,United States
1416,s1417,United States
1420,s1421,United States
1425,s1426,United States
1430,s1431,United States
1437,s1438,United States
1439,s1440,United States
1443,s1444,United States
1444,s1445,United States
1446,s1447,United States
1448,s1449,United States
1449,s1450,United States
1450,s1451,United States
1451,s1452,United States
1452,s1453,United States
1453,s1454,United States
1454,s1455,United States
1455,s1456,United States
1456,s1457,United States
1457,s1458,United States
1459,s1460,United States
1461,s1462,United States
1464,s1465,United States
1465,s1466,United States
1466,s1467,United States
1469,s1470,United States
1470,s1471,United States
1473,s1474,United States
1476,s1477,United States
1477,s1478,United States
1484,s1485,United States
1486,s1487,United States
1492,s1493,United States
1494,s1495,United States
1498,s1499,United States
1499,s1500,United States
1501,s1502,United States
1502,s1503,United States
1505,s1506,United States
1509,s1510,United States
1513,s1514,United States
1515,s1516,United States
1517,s1518,United States
1530,s1531,United States
1536,s1537,United States
1537,s1538,United States
1540,s1541,United States
1543,s1544,United States
1545,s1546,United States
1546,s1547,United States
1547,s1548,United States
1548,s1549,United States
1550,s1551,United States
1552,s1553,United States
1553,s1554,United States
1557,s1558,United States
1558,s1559,United States
1560,s1561,United States
1572,s1573,United States
1573,s1574,United States
1574,s1575,United States
1576,s1577,United States
1579,s1580,United States
1580,s1581,United States
1582,s1583,United States
1584,s1585,United States
1590,s1591,United States
1591,s1592,United States
1595,s1596,United States
1597,s1598,United States
1609,s1610,United States
1611,s1612,United States
1612,s1613,United States
1615,s1616,United States
1616,s1617,United States
1617,s1618,United States
1623,s1624,United States
1627,s1628,United States
1631,s1632,United States
1632,s1633,United States
1633,s1634,United States
1635,s1636,United States
1636,s1637,United States
1641,s1642,United States
1645,s1646,United States
1646,s1647,United States
1655,s1656,United States
1656,s1657,United States
1659,s1660,United States
1660,s1661,United States
1663,s1664,United States
1666,s1667,United States
1669,s1670,United States
1671,s1672,United States
1672,s1673,United States
1681,s1682,United States
1684,s1685,United States
1686,s1687,United States
1687,s1688,United States
1688,s1689,United States
1690,s1691,United States
1692,s1693,United States
1694,s1695,United States
1697,s1698,United States
1699,s1700,United States
1700,s1701,United States
1701,s1702,United States
1703,s1704,United States
1710,s1711,United States
1717,s1718,United States
1718,s1719,United States
1721,s1722,United States
1722,s1723,United States
1726,s1727,United States
1729,s1730,United States
1731,s1732,United States
1736,s1737,United States
1748,s1749,United States
1749,s1750,United States
1750,s1751,United States
1751,s1752,United States
1752,s1753,United States
1754,s1755,United States
1755,s1756,United States
1756,s1757,United States
1757,s1758,United States
1761,s1762,United States
1763,s1764,United States
1768,s1769,United States
1770,s1771,United States
1774,s1775,United States
1779,s1780,United States
1781,s1782,United States
1785,s1786,United States
1787,s1788,United States
1789,s1790,United States
1790,s1791,United States
1791,s1792,United States
1793,s1794,United States
1800,s1801,United States
1802,s1803,United States
1804,s1805,United States
1805,s1806,United States
1811,s1812,United States
1813,s1814,United States
1816,s1817,United States
1833,s1834,United States
1837,s1838,United States
1838,s1839,United States
1841,s1842,United States
1844,s1845,United States
1845,s1846,United States
1848,s1849,United States
1851,s1852,United States
1852,s1853,United States
1854,s1855,United States
1856,s1857,United States
1860,s1861,United States
1864,s1865,United States
1867,s1868,United States
1868,s1869,United States
1872,s1873,United States
1873,s1874,United States
1879,s1880,United States
1881,s1882,United States
1884,s1885,United States
1893,s1894,United States
1894,s1895,United States
1900,s1901,United States
1904,s1905,United States
1906,s1907,United States
1909,s1910,United States
1911,s1912,United States
1922,s1923,United States
1923,s1924,United States
1924,s1925,United States
1926,s1927,United States
1929,s1930,United States
1931,s1932,United States
1932,s1933,United States
1934,s1935,United States
1935,s1936,United States
1936,s1937,United States
1947,s1948,United States
1948,s1949,United States
1949,s1950,United States
1954,s1955,United States
1958,s1959,United States
1960,s1961,United States
1961,s1962,United States
1962,s1963,United States
1978,s1979,United States
1979,s1980,United States
1980,s1981,United States
1987,s1988,United States
1990,s1991,United States
1994,s1995,United States
1995,s1996,United States
2002,s2003,United States
2009,s2010,United States
2010,s2011,United States
2021,s2022,United States
2022,s2023,United States
2029,s2030,United States
2032,s2033,United States
2035,s2036,United States
2041,s2042,United States
2044,s2045,United States
2045,s2046,United States
2047,s2048,United States
2052,s2053,United States
2054,s2055,United States
2063,s2064,United States
2068,s2069,United States
2071,s2072,United States
2072,s2073,United States
2073,s2074,United States
2076,s2077,United States
2083,s2084,United States
2084,s2085,United States
2090,s2091,United States
2092,s2093,United States
2095,s2096,United States
2096,s2097,United States
2098,s2099,United States
2099,s2100,United States
2100,s2101,United States
2105,s2106,United States
2107,s2108,United States
2109,s2110,United States
2112,s2113,United States
2113,s2114,United States
2115,s2116,United States
2118,s2119,United States
2132,s2133,United States
2133,s2134,United States
2135,s2136,United States
2140,s2141,United States
2142,s2143,United States
2143,s2144,United States
2144,s2145,United States
2146,s2147,United States
2154,s2155,United States
2155,s2156,United States
2156,s2157,United States
2157,s2158,United States
2158,s2159,United States
2159,s2160,United States
2165,s2166,United States
2167,s2168,United States
2169,s2170,United States
2170,s2171,United States
2171,s2172,United States
2172,s2173,United States
2173,s2174,United States
2176,s2177,United States
2181,s2182,United States
2188,s2189,United States
2189,s2190,United States
2192,s2193,United States
2199,s2200,United States
2200,s2201,United States
2201,s2202,United States
2202,s2203,United States
2203,s2204,United States
2208,s2209,United States
2214,s2215,United States
2217,s2218,United States
2219,s2220,United States
2228,s2229,United States
2229,s2230,United States
2232,s2233,United States
2237,s2238,United States
2241,s2242,United States
2246,s2247,United States
2248,s2249,United States
2249,s2250,United States
2250,s2251,United States
2257,s2258,United States
2259,s2260,United States
2283,s2284,United States
2294,s2295,United States
2298,s2299,United States
2299,s2300,United States
2301,s2302,United States
2303,s2304,United States
2313,s2314,United States
2315,s2316,United States
2321,s2322,United States
2330,s2331,United States
2331,s2332,United States
2341,s2342,United States
2345,s2346,United States
2346,s2347,United States
2350,s2351,United States
2352,s2353,United States
2355,s2356,United States
2356,s2357,United States
2357,s2358,United States
2362,s2363,United States
2378,s2379,United States
2380,s2381,United States
2382,s2383,United States
2383,s2384,United States
2388,s2389,United States
2390,s2391,United States
2393,s2394,United States
2397,s2398,United States
2405,s2406,United States
2406,s2407,United States
2407,s2408,United States
2411,s2412,United States
2416,s2417,United States
2417,s2418,United States
2419,s2420,United States
2422,s2423,United States
2424,s2425,United States
2430,s2431,United States
2431,s2432,United States
2454,s2455,United States
2459,s2460,United States
2470,s2471,United States
2471,s2472,United States
2473,s2474,United States
2479,s2480,United States
2494,s2495,United States
2497,s2498,United States
2507,s2508,United States
2508,s2509,United States
2515,s2516,United States
2519,s2520,United States
2523,s2524,United States
2524,s2525,United States
2526,s2527,United States
2540,s2541,United States
2543,s2544,United States
2547,s2548,United States
2548,s2549,United States
2549,s2550,United States
2551,s2552,United States
2559,s2560,United States
2561,s2562,United States
2566,s2567,United States
2570,s2571,United States
2571,s2572,United States
2572,s2573,United States
2573,s2574,United States
2575,s2576,United States
2576,s2577,United States
2577,s2578,United States
2579,s2580,United States
2580,s2581,United States
2581,s2582,United States
2582,s2583,United States
2591,s2592,United States
2592,s2593,United States
2597,s2598,United States
2604,s2605,United States
2608,s2609,United States
2622,s2623,United States
2627,s2628,United States
2651,s2652,United States
2652,s2653,United States
2659,s2660,United States
2661,s2662,United States
2662,s2663,United States
2666,s2667,United States
2672,s2673,United States
2678,s2679,United States
2680,s2681,United States
2684,s2685,United States
2686,s2687,United States
2689,s2690,United States
2691,s2692,United States
2695,s2696,United States
2697,s2698,United States
2701,s2702,United States
2702,s2703,United States
2703,s2704,United States
2704,s2705,United States
2705,s2706,United States
2707,s2708,United States
2709,s2710,United States
2710,s2711,United States
2718,s2719,United States
2727,s2728,United States
2743,s2744,United States
2745,s2746,United States
2749,s2750,United States
2753,s2754,United States
2754,s2755,United States
2757,s2758,United States
2762,s2763,United States
2763,s2764,United States
2764,s2765,United States
2767,s2768,United States
2771,s2772,United States
2778,s2779,United States
2779,s2780,United States
2782,s2783,United States
2790,s2791,United States
2791,s2792,United States
2795,s2796,United States
2798,s2799,United States
2801,s2802,United States
2806,s2807,United States
2808,s2809,United States
2809,s2810,United States
2813,s2814,United States
2816,s2817,United States
2820,s2821,United States
2822,s2823,United States
2825,s2826,United States
2826,s2827,United States
2829,s2830,United States
2835,s2836,United States
2836,s2837,United States
2838,s2839,United States
2844,s2845,United States
2849,s2850,United States
2853,s2854,United States
2859,s2860,United States
2861,s2862,United States
2863,s2864,United States
2867,s2868,United States
2874,s2875,United States
2880,s2881,United States
2883,s2884,United States
2886,s2887,United States
2887,s2888,United States
2889,s2890,United States
2891,s2892,United States
2897,s2898,United States
2902,s2903,United States
2904,s2905,United States
2905,s2906,United States
2907,s2908,United States
2908,s2909,United States
2920,s2921,United States
2925,s2926,United States
2926,s2927,United States
2927,s2928,United States
2928,s2929,United States
2931,s2932,United States
2932,s2933,United States
2937,s2938,United States
2939,s2940,United States
2943,s2944,United States
2944,s2945,United States
2947,s2948,United States
2948,s2949,United States
2949,s2950,United States
2950,s2951,United States
2951,s2952,United States
2952,s2953,United States
2953,s2954,United States
2956,s2957,United States
2960,s2961,United States
2967,s2968,United States
2968,s2969,United States
2975,s2976,United States
2978,s2979,United States
2980,s2981,United States
2988,s2989,United States
2993,s2994,United States
2994,s2995,United States
2995,s2996,United States
2997,s2998,United States
3000,s3001,United States
3001,s3002,United States
3003,s3004,United States
3005,s3006,United States
3007,s3008,United States
3009,s3010,United States
3013,s3014,United States
3014,s3015,United States
3017,s3018,United States
3024,s3025,United States
3026,s3027,United States
3027,s3028,United States
3031,s3032,United States
3033,s3034,United States
3035,s3036,United States
3037,s3038,United States
3041,s3042,United States
3042,s3043,United States
3043,s3044,United States
3049,s3050,United States
3057,s3058,United States
3061,s3062,United States
3065,s3066,United States
3073,s3074,United States
3075,s3076,United States
3080,s3081,United States
3081,s3082,United States
3092,s3093,United States
3096,s3097,United States
3097,s3098,United States
3099,s3100,United States
3102,s3103,United States
3105,s3106,United States
3106,s3107,United States
3107,s3108,United States
3108,s3109,United States
3122,s3123,United States
3123,s3124,United States
3128,s3129,United States
3146,s3147,United States
3148,s3149,United States
3150,s3151,United States
3160,s3161,United States
3161,s3162,United States
3162,s3163,United States
3165,s3166,United States
3168,s3169,United States
3172,s3173,United States
3175,s3176,United States
3180,s3181,United States
3181,s3182,United States
3182,s3183,United States
3183,s3184,United States
3186,s3187,United States
3187,s3188,United States
3188,s3189,United States
3190,s3191,United States
3192,s3193,United States
3218,s3219,United States
3221,s3222,United States
3223,s3224,United States
3227,s3228,United States
3228,s3229,United States
3229,s3230,United States
3235,s3236,United States
3238,s3239,United States
3240,s3241,United States
3241,s3242,United States
3242,s3243,United States
3244,s3245,United States
3247,s3248,United States
3248,s3249,United States
3250,s3251,United States
3256,s3257,United States
3260,s3261,United States
3269,s3270,United States
3275,s3276,United States
3282,s3283,United States
3289,s3290,United States
3290,s3291,United States
3292,s3293,United States
3296,s3297,United States
3300,s3301,United States
3304,s3305,United States
3305,s3306,United States
3307,s3308,United States
3309,s3310,United States
3311,s3312,United States
3313,s3314,United States
3314,s3315,United States
3315,s3316,United States
3316,s3317,United States
3318,s3319,United States
3321,s3322,United States
3322,s3323,United States
3324,s3325,United States
3325,s3326,United States
3327,s3328,United States
3329,s3330,United States
3330,s3331,United States
3331,s3332,United States
3335,s3336,United States
3337,s3338,United States
3338,s3339,United States
3343,s3344,United States
3344,s3345,United States
3362,s3363,United States
3363,s3364,United States
3364,s3365,United States
3369,s3370,United States
3372,s3373,United States
3379,s3380,United States
3382,s3383,United States
3383,s3384,United States
3385,s3386,United States
3386,s3387,United States
3388,s3389,United States
3398,s3399,United States
3406,s3407,United States
3409,s3410,United States
3417,s3418,United States
3418,s3419,United States
3422,s3423,United States
3428,s3429,United States
3429,s3430,United States
3430,s3431,United States
3438,s3439,United States
3439,s3440,United States
3440,s3441,United States
3441,s3442,United States
3442,s3443,United States
3453,s3454,United States
3454,s3455,United States
3456,s3457,United States
3457,s3458,United States
3458,s3459,United States
3460,s3461,United States
3471,s3472,United States
3475,s3476,United States
3476,s3477,United States
3477,s3478,United States
3485,s3486,United States
3489,s3490,United States
3494,s3495,United States
3495,s3496,United States
3497,s3498,United States
3500,s3501,United States
3504,s3505,United States
3505,s3506,United States
3512,s3513,United States
3513,s3514,United States
3514,s3515,United States
3515,s3516,United States
3517,s3518,United States
3518,s3519,United States
3523,s3524,United States
3525,s3526,United States
3526,s3527,United States
3527,s3528,United States
3535,s3536,United States
3540,s3541,United States
3544,s3545,United States
3555,s3556,United States
3557,s3558,United States
3559,s3560,United States
3561,s3562,United States
3567,s3568,United States
3571,s3572,United States
3578,s3579,United States
3581,s3582,United States
3582,s3583,United States
3583,s3584,United States
3595,s3596,United States
3597,s3598,United States
3598,s3599,United States
3600,s3601,United States
3601,s3602,United States
3603,s3604,United States
3605,s3606,United States
3608,s3609,United States
3615,s3616,United States
3617,s3618,United States
3619,s3620,United States
3620,s3621,United States
3621,s3622,United States
3622,s3623,United States
3624,s3625,United States
3627,s3628,United States
3636,s3637,United States
3642,s3643,United States
3643,s3644,United States
3645,s3646,United States
3646,s3647,United States
3653,s3654,United States
3654,s3655,United States
3657,s3658,United States
3659,s3660,United States
3662,s3663,United States
3667,s3668,United States
3679,s3680,United States
3680,s3681,United States
3683,s3684,United States
3685,s3686,United States
3686,s3687,United States
3691,s3692,United States
3692,s3693,United States
3693,s3694,United States
3700,s3701,United States
3702,s3703,United States
3704,s3705,United States
3715,s3716,United States
3721,s3722,United States
3725,s3726,United States
3727,s3728,United States
3731,s3732,United States
3733,s3734,United States
3734,s3735,United States
3745,s3746,United States
3749,s3750,United States
3751,s3752,United States
3752,s3753,United States
3753,s3754,United States
3756,s3757,United States
3758,s3759,United States
3759,s3760,United States
3762,s3763,United States
3769,s3770,United States
3770,s3771,United States
3771,s3772,United States
3776,s3777,United States
3777,s3778,United States
3778,s3779,United States
3779,s3780,United States
3792,s3793,United States
3794,s3795,United States
3795,s3796,United States
3798,s3799,United States
3799,s3800,United States
3800,s3801,United States
3801,s3802,United States
3805,s3806,United States
3806,s3807,United States
3812,s3813,United States
3816,s3817,United States
3818,s3819,United States
3825,s3826,United States
3827,s3828,United States
3828,s3829,United States
3829,s3830,United States
3835,s3836,United States
3840,s3841,United States
3841,s3842,United States
3859,s3860,United States
3863,s3864,United States
3866,s3867,United States
3867,s3868,United States
3869,s3870,United States
3872,s3873,United States
3877,s3878,United States
3884,s3885,United States
3887,s3888,United States
3891,s3892,United States
3892,s3893,United States
3903,s3904,United States
3912,s3913,United States
3919,s3920,United States
3920,s3921,United States
3925,s3926,United States
3926,s3927,United States
3927,s3928,United States
3931,s3932,United States
3934,s3935,United States
3935,s3936,United States
3937,s3938,United States
3943,s3944,United States
3945,s3946,United States
3952,s3953,United States
3957,s3958,United States
3959,s3960,United States
3965,s3966,United States
3966,s3967,United States
3967,s3968,United States
3974,s3975,United States
3979,s3980,United States
3983,s3984,United States
3985,s3986,United States
3986,s3987,United States
3999,s4000,United States
4000,s4001,United States
4007,s4008,United States
4008,s4009,United States
4009,s4010,United States
4010,s4011,United States
4024,s4025,United States
4028,s4029,United States
4033,s4034,United States
4036,s4037,United States
4037,s4038,United States
4042,s4043,United States
4045,s4046,United States
4060,s4061,United States
4065,s4066,United States
4079,s4080,United States
4080,s4081,United States
4083,s4084,United States
4084,s4085,United States
4086,s4087,United States
4092,s4093,United States
4096,s4097,United States
4099,s4100,United States
4115,s4116,United States
4117,s4118,United States
4120,s4121,United States
4121,s4122,United States
4122,s4123,United States
4123,s4124,United States
4128,s4129,United States
4135,s4136,United States
4137,s4138,United States
4138,s4139,United States
4139,s4140,United States
4140,s4141,United States
4141,s4142,United States
4142,s4143,United States
4146,s4147,United States
4163,s4164,United States
4172,s4173,United States
4176,s4177,United States
4177,s4178,United States
4178,s4179,United States
4185,s4186,United States
4193,s4194,United States
4200,s4201,United States
4203,s4204,United States
4205,s4206,United States
4218,s4219,United States
4220,s4221,United States
4222,s4223,United States
4227,s4228,United States
4228,s4229,United States
4233,s4234,United States
4237,s4238,United States
4238,s4239,United States
4239,s4240,United States
4240,s4241,United States
4244,s4245,United States
4245,s4246,United States
4248,s4249,United States
4249,s4250,United States
4253,s4254,United States
4256,s4257,United States
4260,s4261,United States
4266,s4267,United States
4268,s4269,United States
4284,s4285,United States
4286,s4287,United States
4289,s4290,United States
4290,s4291,United States
4291,s4292,United States
4293,s4294,United States
4295,s4296,United States
4298,s4299,United States
4299,s4300,United States
4300,s4301,United States
4301,s4302,United States
4307,s4308,United States
4308,s4309,United States
4311,s4312,United States
4313,s4314,United States
4314,s4315,United States
4317,s4318,United States
4320,s4321,United States
4324,s4325,United States
4347,s4348,United States
4351,s4352,United States
4353,s4354,United States
4362,s4363,United States
4364,s4365,United States
4368,s4369,United States
4369,s4370,United States
4376,s4377,United States
4377,s4378,United States
4378,s4379,United States
4381,s4382,United States
4382,s4383,United States
4385,s4386,United States
4386,s4387,United States
4403,s4404,United States
4408,s4409,United States
4410,s4411,United States
4412,s4413,United States
4416,s4417,United States
4417,s4418,United States
4419,s4420,United States
4434,s4435,United States
4436,s4437,United States
4447,s4448,United States
4450,s4451,United States
4460,s4461,United States
4462,s4463,United States
4478,s4479,United States
4479,s4480,United States
4480,s4481,United States
4482,s4483,United States
4484,s4485,United States
4485,s4486,United States
4489,s4490,United States
4494,s4495,United States
4495,s4496,United States
4505,s4506,United States
4513,s4514,United States
4516,s4517,United States
4517,s4518,United States
4518,s4519,United States
4524,s4525,United States
4525,s4526,United States
4527,s4528,United States
4528,s4529,United States
4533,s4534,United States
4538,s4539,United States
4540,s4541,United States
4546,s4547,United States
4570,s4571,United States
4589,s4590,United States
4591,s4592,United States
4604,s4605,United States
4619,s4620,United States
4620,s4621,United States
4621,s4622,United States
4629,s4630,United States
4630,s4631,United States
4632,s4633,United States
4636,s4637,United States
4639,s4640,United States
4642,s4643,United States
4644,s4645,United States
4647,s4648,United States
4651,s4652,United States
4652,s4653,United States
4655,s4656,United States
4657,s4658,United States
4658,s4659,United States
4663,s4664,United States
4674,s4675,United States
4682,s4683,United States
4683,s4684,United States
4688,s4689,United States
4695,s4696,United States
4696,s4697,United States
4698,s4699,United States
4703,s4704,United States
4704,s4705,United States
4706,s4707,United States
4707,s4708,United States
4709,s4710,United States
4718,s4719,United States
4739,s4740,United States
4751,s4752,United States
4756,s4757,United States
4761,s4762,United States
4762,s4763,United States
4771,s4772,United States
4773,s4774,United States
4774,s4775,United States
4778,s4779,United States
4780,s4781,United States
4782,s4783,United States
4785,s4786,United States
4786,s4787,United States
4787,s4788,United States
4788,s4789,United States
4791,s4792,United States
4794,s4795,United States
4798,s4799,United States
4801,s4802,United States
4803,s4804,United States
4804,s4805,United States
4811,s4812,United States
4812,s4813,United States
4814,s4815,United States
4818,s4819,United States
4821,s4822,United States
4824,s4825,United States
4828,s4829,United States
4833,s4834,United States
4837,s4838,United States
4842,s4843,United States
4844,s4845,United States
4845,s4846,United States
4846,s4847,United States
4850,s4851,United States
4851,s4852,United States
4854,s4855,United States
4858,s4859,United States
4863,s4864,United States
4864,s4865,United States
4865,s4866,United States
4867,s4868,United States
4869,s4870,United States
4870,s4871,United States
4872,s4873,United States
4874,s4875,United States
4877,s4878,United States
4888,s4889,United States
4890,s4891,United States
4895,s4896,United States
4901,s4902,United States
4907,s4908,United States
4911,s4912,United States
4912,s4913,United States
4916,s4917,United States
4919,s4920,United States
4920,s4921,United States
4922,s4923,United States
4926,s4927,United States
4928,s4929,United States
4930,s4931,United States
4934,s4935,United States
4935,s4936,United States
4937,s4938,United States
4938,s4939,United States
4946,s4947,United States
4950,s4951,United States
4959,s4960,United States
4960,s4961,United States
4961,s4962,United States
4970,s4971,United States
4972,s4973,United States
4974,s4975,United States
4976,s4977,United States
4979,s4980,United States
4980,s4981,United States
4990,s4991,United States
4993,s4994,United States
4998,s4999,United States
5000,s5001,United States
5005,s5006,United States
5006,s5007,United States
5010,s5011,United States
5024,s5025,United States
5029,s5030,United States
5035,s5036,United States
5036,s5037,United States
5037,s5038,United States
5039,s5040,United States
5041,s5042,United States
5044,s5045,United States
5046,s5047,United States
5047,s5048,United States
5048,s5049,United States
5053,s5054,United States
5054,s5055,United States
5056,s5057,United States
5059,s5060,United States
5063,s5064,United States
5067,s5068,United States
5071,s5072,United States
5072,s5073,United States
5078,s5079,United States
5082,s5083,United States
5084,s5085,United States
5086,s5087,United States
5091,s5092,United States
5093,s5094,United States
5100,s5101,United States
5101,s5102,United States
5107,s5108,United States
5108,s5109,United States
5110,s5111,United States
5113,s5114,United States
5121,s5122,United States
5123,s5124,United States
5125,s5126,United States
5126,s5127,United States
5127,s5128,United States
5129,s5130,United States
5133,s5134,United States
5134,s5135,United States
5137,s5138,United States
5138,s5139,United States
5140,s5141,United States
5147,s5148,United States
5148,s5149,United States
5152,s5153,United States
5158,s5159,United States
5159,s5160,United States
5161,s5162,United States
5162,s5163,United States
5163,s5164,United States
5165,s5166,United States
5166,s5167,United States
5167,s5168,United States
5168,s5169,United States
5171,s5172,United States
5175,s5176,United States
5179,s5180,United States
5180,s5181,United States
5181,s5182,United States
5182,s5183,United States
5196,s5197,United States
5197,s5198,United States
5198,s5199,United States
5200,s5201,United States
5201,s5202,United States
5202,s5203,United States
5203,s5204,United States
5207,s5208,United States
5208,s5209,United States
5209,s5210,United States
5210,s5211,United States
5211,s5212,United States
5213,s5214,United States
5221,s5222,United States
5226,s5227,United States
5227,s5228,United States
5230,s5231,United States
5234,s5235,United States
5240,s5241,United States
5244,s5245,United States
5245,s5246,United States
5252,s5253,United States
5253,s5254,United States
5255,s5256,United States
5258,s5259,United States
5261,s5262,United States
5266,s5267,United States
5267,s5268,United States
5268,s5269,United States
5272,s5273,United States
5273,s5274,United States
5275,s5276,United States
5276,s5277,United States
5277,s5278,United States
5280,s5281,United States
5282,s5283,United States
5283,s5284,United States
5284,s5285,United States
5285,s5286,United States
5286,s5287,United States
5287,s5288,United States
5294,s5295,United States
5299,s5300,United States
5301,s5302,United States
5302,s5303,United States
5307,s5308,United States
5315,s5316,United States
5316,s5317,United States
5318,s5319,United States
5319,s5320,United States
5320,s5321,United States
5321,s5322,United States
5322,s5323,United States
5325,s5326,United States
5326,s5327,United States
5328,s5329,United States
5329,s5330,United States
5331,s5332,United States
5332,s5333,United States
5333,s5334,United States
5340,s5341,United States
5343,s5344,United States
5345,s5346,United States
5353,s5354,United States
5358,s5359,United States
5367,s5368,United States
5368,s5369,United States
5369,s5370,United States
5372,s5373,United States
5375,s5376,United States
5376,s5377,United States
5377,s5378,United States
5378,s5379,United States
5379,s5380,United States
5380,s5381,United States
5385,s5386,United States
5416,s5417,United States
5417,s5418,United States
5419,s5420,United States
5421,s5422,United States
5423,s5424,United States
5424,s5425,United States
5425,s5426,United States
5426,s5427,United States
5427,s5428,United States
5432,s5433,United States
5445,s5446,United States
5449,s5450,United States
5453,s5454,United States
5459,s5460,United States
5468,s5469,United States
5470,s5471,United States
5471,s5472,United States
5473,s5474,United States
5479,s5480,United States
5480,s5481,United States
5483,s5484,United States
5484,s5485,United States
5489,s5490,United States
5492,s5493,United States
5493,s5494,United States
5496,s5497,United States
5497,s5498,United States
5511,s5512,United States
5518,s5519,United States
5520,s5521,United States
5521,s5522,United States
5522,s5523,United States
5523,s5524,United States
5524,s5525,United States
5525,s5526,United States
5533,s5534,United States
5535,s5536,United States
5536,s5537,United States
5538,s5539,United States
5540,s5541,United States
5541,s5542,United States
5544,s5545,United States
5546,s5547,United States
5548,s5549,United States
5556,s5557,United States
5557,s5558,United States
5560,s5561,United States
5561,s5562,United States
5562,s5563,United States
5564,s5565,United States
5565,s5566,United States
5566,s5567,United States
5575,s5576,United States
5576,s5577,United States
5578,s5579,United States
5579,s5580,United States
5582,s5583,United States
5586,s5587,United States
5590,s5591,United States
5594,s5595,United States
5596,s5597,United States
5606,s5607,United States
5613,s5614,United States
5615,s5616,United States
5622,s5623,United States
5627,s5628,United States
5630,s5631,United States
5631,s5632,United States
5637,s5638,United States
5639,s5640,United States
5640,s5641,United States
5642,s5643,United States
5643,s5644,United States
5645,s5646,United States
5646,s5647,United States
5648,s5649,United States
5650,s5651,United States
5655,s5656,United States
5657,s5658,United States
5658,s5659,United States
5660,s5661,United States
5661,s5662,United States
5663,s5664,United States
5679,s5680,United States
5681,s5682,United States
5683,s5684,United States
5685,s5686,United States
5687,s5688,United States
5688,s5689,United States
5689,s5690,United States
5690,s5691,United States
5694,s5695,United States
5695,s5696,United States
5697,s5698,United States
5702,s5703,United States
5704,s5705,United States
5707,s5708,United States
5708,s5709,United States
5709,s5710,United States
5712,s5713,United States
5713,s5714,United States
5719,s5720,United States
5721,s5722,United States
5724,s5725,United States
5733,s5734,United States
5744,s5745,United States
5745,s5746,United States
5754,s5755,United States
5755,s5756,United States
5756,s5757,United States
5757,s5758,United States
5758,s5759,United States
5759,s5760,United States
5761,s5762,United States
5774,s5775,United States
5779,s5780,United States
5783,s5784,United States
5784,s5785,United States
5785,s5786,United States
5793,s5794,United States
5794,s5795,United States
5796,s5797,United States
5797,s5798,United States
5800,s5801,United States
5803,s5804,United States
5808,s5809,United States
5809,s5810,United States
5810,s5811,United States
5811,s5812,United States
5813,s5814,United States
5815,s5816,United States
5816,s5817,United States
5817,s5818,United States
5818,s5819,United States
5819,s5820,United States
5820,s5821,United States
5824,s5825,United States
5827,s5828,United States
5828,s5829,United States
5830,s5831,United States
5831,s5832,United States
5835,s5836,United States
5836,s5837,United States
5840,s5841,United States
5842,s5843,United States
5846,s5847,United States
5847,s5848,United States
5849,s5850,United States
5850,s5851,United States
5852,s5853,United States
5854,s5855,United States
5857,s5858,United States
5861,s5862,United States
5862,s5863,United States
5865,s5866,United States
5866,s5867,United States
5867,s5868,United States
5868,s5869,United States
5869,s5870,United States
5871,s5872,United States
5875,s5876,United States
5876,s5877,United States
5878,s5879,United States
5879,s5880,United States
5881,s5882,United States
5883,s5884,United States
5884,s5885,United States
5885,s5886,United States
5886,s5887,United States
5887,s5888,United States
5888,s5889,United States
5889,s5890,United States
5890,s5891,United States
5891,s5892,United States
5892,s5893,United States
5894,s5895,United States
5896,s5897,United States
5897,s5898,United States
5898,s5899,United States
5899,s5900,United States
5900,s5901,United States
5901,s5902,United States
5903,s5904,United States
5904,s5905,United States
5905,s5906,United States
5906,s5907,United States
5907,s5908,United States
5910,s5911,United States
5911,s5912,United States
5912,s5913,United States
5913,s5914,United States
5915,s5916,United States
5916,s5917,United States
5917,s5918,United States
5918,s5919,United States
5920,s5921,United States
5921,s5922,United States
5924,s5925,United States
5926,s5927,United States
5927,s5928,United States
5928,s5929,United States
5929,s5930,United States
5931,s5932,United States
5932,s5933,United States
5934,s5935,United States
5936,s5937,United States
5937,s5938,United States
5938,s5939,United States
5940,s5941,United States
5941,s5942,United States
5942,s5943,United States
5943,s5944,United States
5944,s5945,United States
5945,s5946,United States
5946,s5947,United States
5947,s5948,United States
5948,s5949,United States
5949,s5950,United States
5950,s5951,United States
5951,s5952,United States
5952,s5953,United States
5955,s5956,United States
5957,s5958,United States
5958,s5959,United States
5959,s5960,United States
5960,s5961,United States
5971,s5972,United States
5977,s5978,United States
5979,s5980,United States
5980,s5981,United States
5983,s5984,United States
5985,s5986,United States
5987,s5988,United States
5988,s5989,United States
5991,s5992,United States
5993,s5994,United States
5994,s5995,United States
5995,s5996,United States
5996,s5997,United States
5999,s6000,United States
6000,s6001,United States
6002,s6003,United States
6006,s6007,United States
6008,s6009,United States
6012,s6013,United States
6014,s6015,United States
6015,s6016,United States
6017,s6018,United States
6018,s6019,United States
6019,s6020,United States
6023,s6024,United States
6026,s6027,United States
6029,s6030,United States
6032,s6033,United States
6036,s6037,United States
6038,s6039,United States
6039,s6040,United States
6040,s6041,United States
6041,s6042,United States
6042,s6043,United States
6043,s6044,United States
6047,s6048,United States
6049,s6050,United States
6052,s6053,United States
6053,s6054,United States
6058,s6059,United States
6060,s6061,United States
6061,s6062,United States
6062,s6063,United States
6064,s6065,United States
6065,s6066,United States
6067,s6068,United States
6069,s6070,United States
6080,s6081,United States
6086,s6087,United States
6089,s6090,United States
6095,s6096,United States
6096,s6097,United States
6097,s6098,United States
6104,s6105,United States
6111,s6112,United States
6112,s6113,United States
6113,s6114,United States
6115,s6116,United States
6118,s6119,United States
6119,s6120,United States
6120,s6121,United States
6124,s6125,United States
6127,s6128,United States
6128,s6129,United States
6132,s6133,United States
6133,s6134,United States
6134,s6135,United States
6135,s6136,United States
6136,s6137,United States
6137,s6138,United States
6138,s6139,United States
6139,s6140,United States
6140,s6141,United States
6143,s6144,United States
6145,s6146,United States
6146,s6147,United States
6148,s6149,United States
6151,s6152,United States
6152,s6153,United States
6153,s6154,United States
6154,s6155,United States
6157,s6158,United States
6161,s6162,United States
6162,s6163,United States
6163,s6164,United States
6164,s6165,United States
6169,s6170,United States
6171,s6172,United States
6174,s6175,United States
6175,s6176,United States
6178,s6179,United States
6179,s6180,United States
6182,s6183,United States
6185,s6186,United States
6187,s6188,United States
6188,s6189,United States
6189,s6190,United States
6191,s6192,United States
6200,s6201,United States
6209,s6210,United States
6211,s6212,United States
6212,s6213,United States
6218,s6219,United States
6220,s6221,United States
6221,s6222,United States
6222,s6223,United States
6225,s6226,United States
6226,s6227,United States
6234,s6235,United States
6235,s6236,United States
6236,s6237,United States
6237,s6238,United States
6238,s6239,United States
6239,s6240,United States
6242,s6243,United States
6243,s6244,United States
6244,s6245,United States
6247,s6248,United States
6250,s6251,United States
6251,s6252,United States
6252,s6253,United States
6257,s6258,United States
6261,s6262,United States
6266,s6267,United States
6267,s6268,United States
6271,s6272,United States
6272,s6273,United States
6274,s6275,United States
6279,s6280,United States
6281,s6282,United States
6282,s6283,United States
6283,s6284,United States
6284,s6285,United States
6288,s6289,United States
6302,s6303,United States
6303,s6304,United States
6306,s6307,United States
6308,s6309,United States
6310,s6311,United States
6312,s6313,United States
6316,s6317,United States
6321,s6322,United States
6325,s6326,United States
6326,s6327,United States
6327,s6328,United States
6329,s6330,United States
6330,s6331,United States
6331,s6332,United States
6332,s6333,United States
6337,s6338,United States
6339,s6340,United States
6340,s6341,United States
6344,s6345,United States
6346,s6347,United States
6354,s6355,United States
6355,s6356,United States
6358,s6359,United States
6362,s6363,United States
6367,s6368,United States
6368,s6369,United States
6369,s6370,United States
6370,s6371,United States
6372,s6373,United States
6373,s6374,United States
6376,s6377,United States
6377,s6378,United States
6379,s6380,United States
6381,s6382,United States
6388,s6389,United States
6390,s6391,United States
6391,s6392,United States
6394,s6395,United States
6395,s6396,United States
6397,s6398,United States
6409,s6410,United States
6410,s6411,United States
6412,s6413,United States
6414,s6415,United States
6420,s6421,United States
6423,s6424,United States
6424,s6425,United States
6431,s6432,United States
6437,s6438,United States
6443,s6444,United States
6447,s6448,United States
6448,s6449,United States
6450,s6451,United States
6453,s6454,United States
6456,s6457,United States
6458,s6459,United States
6466,s6467,United States
6468,s6469,United States
6475,s6476,United States
6476,s6477,United States
6477,s6478,United States
6479,s6480,United States
6480,s6481,United States
6481,s6482,United States
6486,s6487,United States
6491,s6492,United States
6493,s6494,United States
6494,s6495,United States
6496,s6497,United States
6497,s6498,United States
6499,s6500,United States
6503,s6504,United States
6511,s6512,United States
6513,s6514,United States
6514,s6515,United States
6519,s6520,United States
6521,s6522,United States
6524,s6525,United States
6526,s6527,United States
6532,s6533,United States
6533,s6534,United States
6536,s6537,United States
6539,s6540,United States
6544,s6545,United States
6545,s6546,United States
6548,s6549,United States
6550,s6551,United States
6551,s6552,United States
6555,s6556,United States
6561,s6562,United States
6562,s6563,United States
6573,s6574,United States
6575,s6576,United States
6578,s6579,United States
6579,s6580,United States
6581,s6582,United States
6583,s6584,United States
6584,s6585,United States
6586,s6587,United States
6589,s6590,United States
6590,s6591,United States
6592,s6593,United States
6593,s6594,United States
6595,s6596,United States
6598,s6599,United States
6603,s6604,United States
6611,s6612,United States
6612,s6613,United States
6615,s6616,United States
6616,s6617,United States
6620,s6621,United States
6621,s6622,United States
6622,s6623,United States
6624,s6625,United States
6625,s6626,United States
6632,s6633,United States
6633,s6634,United States
6635,s6636,United States
6637,s6638,United States
6638,s6639,United States
6639,s6640,United States
6641,s6642,United States
6642,s6643,United States
6643,s6644,United States
6644,s6645,United States
6647,s6648,United States
6650,s6651,United States
6651,s6652,United States
6655,s6656,United States
6657,s6658,United States
6661,s6662,United States
6662,s6663,United States
6664,s6665,United States
6665,s6666,United States
6676,s6677,United States
6678,s6679,United States
6682,s6683,United States
6687,s6688,United States
6690,s6691,United States
6692,s6693,United States
6696,s6697,United States
6699,s6700,United States
6703,s6704,United States
6710,s6711,United States
6712,s6713,United States
6715,s6716,United States
6719,s6720,United States
6721,s6722,United States
6722,s6723,United States
6723,s6724,United States
6729,s6730,United States
6730,s6731,United States
6734,s6735,United States
6735,s6736,United States
6738,s6739,United States
6743,s6744,United States
6745,s6746,United States
6746,s6747,United States
6749,s6750,United States
6751,s6752,United States
6753,s6754,United States
6758,s6759,United States
6762,s6763,United States
6766,s6767,United States
6769,s6770,United States
6774,s6775,United States
6776,s6777,United States
6777,s6778,United States
6780,s6781,United States
6781,s6782,United States
6782,s6783,United States
6784,s6785,United States
6789,s6790,United States
6795,s6796,United States
6796,s6797,United States
6797,s6798,United States
6801,s6802,United States
6802,s6803,United States
6803,s6804,United States
6804,s6805,United States
6806,s6807,United States
6809,s6810,United States
6813,s6814,United States
6815,s6816,United States
6818,s6819,United States
6822,s6823,United States
6833,s6834,United States
6839,s6840,United States
6841,s6842,United States
6842,s6843,United States
6843,s6844,United States
6849,s6850,United States
6853,s6854,United States
6856,s6857,United States
6858,s6859,United States
6859,s6860,United States
6861,s6862,United States
6862,s6863,United States
6867,s6868,United States
6868,s6869,United States
6872,s6873,United States
6874,s6875,United States
6875,s6876,United States
6876,s6877,United States
6880,s6881,United States
6881,s6882,United States
6885,s6886,United States
6892,s6893,United States
6893,s6894,United States
6896,s6897,United States
6898,s6899,United States
6899,s6900,United States
6911,s6912,United States
6913,s6914,United States
6915,s6916,United States
6916,s6917,United States
6917,s6918,United States
6920,s6921,United States
6923,s6924,United States
6927,s6928,United States
6929,s6930,United States
6933,s6934,United States
6934,s6935,United States
6935,s6936,United States
6938,s6939,United States
6939,s6940,United States
6942,s6943,United States
6945,s6946,United States
6946,s6947,United States
6948,s6949,United States
6949,s6950,United States
6950,s6951,United States
6954,s6955,United States
6956,s6957,United States
6957,s6958,United States
6958,s6959,United States
6959,s6960,United States
6961,s6962,United States
6964,s6965,United States
6970,s6971,United States
6977,s6978,United States
6981,s6982,United States
6985,s6986,United States
6990,s6991,United States
6991,s6992,United States
6992,s6993,United States
6994,s6995,United States
7002,s7003,United States
7003,s7004,United States
7005,s7006,United States
7008,s7009,United States
7013,s7014,United States
7015,s7016,United States
7018,s7019,United States
7019,s7020,United States
7021,s7022,United States
7030,s7031,United States
7031,s7032,United States
7032,s7033,United States
7037,s7038,United States
7038,s7039,United States
7043,s7044,United States
7044,s7045,United States
7048,s7049,United States
7049,s7050,United States
7050,s7051,United States
7054,s7055,United States
7056,s7057,United States
7060,s7061,United States
7067,s7068,United States
7070,s7071,United States
7071,s7072,United States
7072,s7073,United States
7073,s7074,United States
7074,s7075,United States
7075,s7076,United States
7081,s7082,United States
7086,s7087,United States
7091,s7092,United States
7096,s7097,United States
7097,s7098,United States
7103,s7104,United States
7107,s7108,United States
7113,s7114,United States
7121,s7122,United States
7123,s7124,United States
7124,s7125,United States
7125,s7126,United States
7126,s7127,United States
7128,s7129,United States
7130,s7131,United States
7132,s7133,United States
7136,s7137,United States
7139,s7140,United States
7145,s7146,United States
7147,s7148,United States
7148,s7149,United States
7149,s7150,United States
7150,s7151,United States
7154,s7155,United States
7170,s7171,United States
7172,s7173,United States
7175,s7176,United States
7176,s7177,United States
7177,s7178,United States
7178,s7179,United States
7179,s7180,United States
7180,s7181,United States
7181,s7182,United States
7191,s7192,United States
7192,s7193,United States
7193,s7194,United States
7198,s7199,United States
7201,s7202,United States
7202,s7203,United States
7203,s7204,United States
7204,s7205,United States
7207,s7208,United States
7210,s7211,United States
7213,s7214,United States
7219,s7220,United States
7234,s7235,United States
7236,s7237,United States
7237,s7238,United States
7241,s7242,United States
7248,s7249,United States
7251,s7252,United States
7252,s7253,United States
7254,s7255,United States
7262,s7263,United States
7263,s7264,United States
7269,s7270,United States
7275,s7276,United States
7276,s7277,United States
7277,s7278,United States
7285,s7286,United States
7286,s7287,United States
7294,s7295,United States
7296,s7297,United States
7298,s7299,United States
7299,s7300,United States
7300,s7301,United States
7304,s7305,United States
7306,s7307,United States
7316,s7317,United States
7320,s7321,United States
7321,s7322,United States
7322,s7323,United States
7323,s7324,United States
7330,s7331,United States
7344,s7345,United States
7350,s7351,United States
7355,s7356,United States
7356,s7357,United States
7365,s7366,United States
7368,s7369,United States
7369,s7370,United States
7370,s7371,United States
7373,s7374,United States
7389,s7390,United States
7395,s7396,United States
7396,s7397,United States
7397,s7398,United States
7404,s7405,United States
7406,s7407,United States
7408,s7409,United States
7409,s7410,United States
7411,s7412,United States
7412,s7413,United States
7415,s7416,United States
7423,s7424,United States
7426,s7427,United States
7427,s7428,United States
7431,s7432,United States
7439,s7440,United States
7442,s7443,United States
7443,s7444,United States
7449,s7450,United States
7456,s7457,United States
7459,s7460,United States
7466,s7467,United States
7467,s7468,United States
7469,s7470,United States
7470,s7471,United States
7474,s7475,United States
7476,s7477,United States
7477,s7478,United States
7481,s7482,United States
7484,s7485,United States
7489,s7490,United States
7490,s7491,United States
7491,s7492,United States
7492,s7493,United States
7493,s7494,United States
7494,s7495,United States
7495,s7496,United States
7496,s7497,United States
7497,s7498,United States
7498,s7499,United States
7499,s7500,United States
7500,s7501,United States
7501,s7502,United States
7507,s7508,United States
7511,s7512,United States
7515,s7516,United States
7516,s7517,United States
7517,s7518,United States
7520,s7521,United States
7523,s7524,United States
7526,s7527,United States
7527,s7528,United States
7528,s7529,United States
7530,s7531,United States
7533,s7534,United States
7535,s7536,United States
7546,s7547,United States
7551,s7552,United States
7558,s7559,United States
7560,s7561,United States
7561,s7562,United States
7563,s7564,United States
7564,s7565,United States
7566,s7567,United States
7567,s7568,United States
7569,s7570,United States
7570,s7571,United States
7575,s7576,United States
7576,s7577,United States
7578,s7579,United States
7579,s7580,United States
7580,s7581,United States
7581,s7582,United States
7583,s7584,United States
7584,s7585,United States
7585,s7586,United States
7592,s7593,United States
7594,s7595,United States
7598,s7599,United States
7599,s7600,United States
7600,s7601,United States
7601,s7602,United States
7602,s7603,United States
7603,s7604,United States
7604,s7605,United States
7605,s7606,United States
7606,s7607,United States
7607,s7608,United States
7608,s7609,United States
7609,s7610,United States
7610,s7611,United States
7611,s7612,United States
7612,s7613,United States
7613,s7614,United States
7614,s7615,United States
7615,s7616,United States
7616,s7617,United States
7617,s7618,United States
7618,s7619,United States
7619,s7620,United States
7620,s7621,United States
7621,s7622,United States
7628,s7629,United States
7634,s7635,United States
7637,s7638,United States
7638,s7639,United States
7639,s7640,United States
7642,s7643,United States
7647,s7648,United States
7648,s7649,United States
7654,s7655,United States
7655,s7656,United States
7656,s7657,United States
7657,s7658,United States
7661,s7662,United States
7663,s7664,United States
7664,s7665,United States
7666,s7667,United States
7669,s7670,United States
7677,s7678,United States
7679,s7680,United States
7689,s7690,United States
7690,s7691,United States
7695,s7696,United States
7696,s7697,United States
7698,s7699,United States
7701,s7702,United States
7704,s7705,United States
7708,s7709,United States
7709,s7710,United States
7711,s7712,United States
7713,s7714,United States
7714,s7715,United States
7716,s7717,United States
7718,s7719,United States
7721,s7722,United States
7722,s7723,United States
7728,s7729,United States
7729,s7730,United States
7731,s7732,United States
7735,s7736,United States
7740,s7741,United States
7741,s7742,United States
7743,s7744,United States
7749,s7750,United States
7752,s7753,United States
7755,s7756,United States
7756,s7757,United States
7761,s7762,United States
7763,s7764,United States
7765,s7766,United States
7768,s7769,United States
7771,s7772,United States
7773,s7774,United States
7774,s7775,United States
7775,s7776,United States
7776,s7777,United States
7778,s7779,United States
7780,s7781,United States
7781,s7782,United States
7782,s7783,United States
7786,s7787,United States
7787,s7788,United States
7788,s7789,United States
7790,s7791,United States
7792,s7793,United States
7793,s7794,United States
7796,s7797,United States
7797,s7798,United States
7798,s7799,United States
7802,s7803,United States
7807,s7808,United States
7808,s7809,United States
7814,s7815,United States
7816,s7817,United States
7817,s7818,United States
7820,s7821,United States
7822,s7823,United States
7826,s7827,United States
7834,s7835,United States
7839,s7840,United States
7842,s7843,United States
7844,s7845,United States
7847,s7848,United States
7851,s7852,United States
7854,s7855,United States
7858,s7859,United States
7859,s7860,United States
7867,s7868,United States
7868,s7869,United States
7879,s7880,United States
7880,s7881,United States
7881,s7882,United States
7882,s7883,United States
7883,s7884,United States
7884,s7885,United States
7886,s7887,United States
7894,s7895,United States
7895,s7896,United States
7896,s7897,United States
7903,s7904,United States
7904,s7905,United States
7905,s7906,United States
7907,s7908,United States
7908,s7909,United States
7909,s7910,United States
7912,s7913,United States
7920,s7921,United States
7930,s7931,United States
7933,s7934,United States
7941,s7942,United States
7945,s7946,United States
7946,s7947,United States
7948,s7949,United States
7950,s7951,United States
7951,s7952,United States
7952,s7953,United States
7953,s7954,United States
7955,s7956,United States
7956,s7957,United States
7957,s7958,United States
7958,s7959,United States
7959,s7960,United States
7961,s7962,United States
7962,s7963,United States
7963,s7964,United States
7964,s7965,United States
7966,s7967,United States
7970,s7971,United States
7971,s7972,United States
7972,s7973,United States
7974,s7975,United States
7976,s7977,United States
7985,s7986,United States
7986,s7987,United States
7987,s7988,United States
7990,s7991,United States
7998,s7999,United States
8000,s8001,United States
8001,s8002,United States
8005,s8006,United States
8009,s8010,United States
8015,s8016,United States
8017,s8018,United States
8019,s8020,United States
8027,s8028,United States
8028,s8029,United States
8030,s8031,United States
8031,s8032,United States
8035,s8036,United States
8036,s8037,United States
8037,s8038,United States
8038,s8039,United States
8039,s8040,United States
8040,s8041,United States
8042,s8043,United States
8043,s8044,United States
8044,s8045,United States
8045,s8046,United States
8046,s8047,United States
8048,s8049,United States
8051,s8052,United States
8052,s8053,United States
8054,s8055,United States
8055,s8056,United States
8057,s8058,United States
8059,s8060,United States
8060,s8061,United States
8062,s8063,United States
8063,s8064,United States
8064,s8065,United States
8065,s8066,United States
8067,s8068,United States
8068,s8069,United States
8070,s8071,United States
8071,s8072,United States
8074,s8075,United States
8075,s8076,United States
8076,s8077,United States
8078,s8079,United States
8079,s8080,United States
8082,s8083,United States
8083,s8084,United States
8086,s8087,United States
8087,s8088,United States
8089,s8090,United States
8092,s8093,United States
8095,s8096,United States
8097,s8098,United States
8099,s8100,United States
8105,s8106,United States
8106,s8107,United States
8110,s8111,United States
8111,s8112,United States
8118,s8119,United States
8123,s8124,United States
8126,s8127,United States
8127,s8128,United States
8128,s8129,United States
8130,s8131,United States
8132,s8133,United States
8133,s8134,United States
8134,s8135,United States
8135,s8136,United States
8143,s8144,United States
8151,s8152,United States
8152,s8153,United States
8154,s8155,United States
8155,s8156,United States
8157,s8158,United States
8169,s8170,United States
8174,s8175,United States
8175,s8176,United States
8176,s8177,United States
8179,s8180,United States
8183,s8184,United States
8187,s8188,United States
8188,s8189,United States
8189,s8190,United States
8191,s8192,United States
8200,s8201,United States
8202,s8203,United States
8204,s8205,United States
8205,s8206,United States
8210,s8211,United States
8211,s8212,United States
8213,s8214,United States
8215,s8216,United States
8217,s8218,United States
8219,s8220,United States
8220,s8221,United States
8223,s8224,United States
8224,s8225,United States
8226,s8227,United States
8229,s8230,United States
8233,s8234,United States
8237,s8238,United States
8238,s8239,United States
8239,s8240,United States
8242,s8243,United States
8248,s8249,United States
8249,s8250,United States
8251,s8252,United States
8252,s8253,United States
8256,s8257,United States
8258,s8259,United States
8259,s8260,United States
8262,s8263,United States
8274,s8275,United States
8276,s8277,United States
8278,s8279,United States
8279,s8280,United States
8283,s8284,United States
8284,s8285,United States
8285,s8286,United States
8287,s8288,United States
8288,s8289,United States
8289,s8290,United States
8290,s8291,United States
8292,s8293,United States
8295,s8296,United States
8296,s8297,United States
8298,s8299,United States
8301,s8302,United States
8304,s8305,United States
8305,s8306,United States
8308,s8309,United States
8311,s8312,United States
8314,s8315,United States
8318,s8319,United States
8319,s8320,United States
8323,s8324,United States
8324,s8325,United States
8325,s8326,United States
8335,s8336,United States
8336,s8337,United States
8337,s8338,United States
8338,s8339,United States
8341,s8342,United States
8344,s8345,United States
8345,s8346,United States
8348,s8349,United States
8355,s8356,United States
8360,s8361,United States
8361,s8362,United States
8362,s8363,United States
8365,s8366,United States
8367,s8368,United States
8371,s8372,United States
8372,s8373,United States
8375,s8376,United States
8380,s8381,United States
8381,s8382,United States
8385,s8386,United States
8388,s8389,United States
8389,s8390,United States
8390,s8391,United States
8394,s8395,United States
8397,s8398,United States
8400,s8401,United States
8401,s8402,United States
8402,s8403,United States
8412,s8413,United States
8414,s8415,United States
8415,s8416,United States
8416,s8417,United States
8417,s8418,United States
8419,s8420,United States
8421,s8422,United States
8422,s8423,United States
8428,s8429,United States
8430,s8431,United States
8434,s8435,United States
8435,s8436,United States
8436,s8437,United States
8437,s8438,United States
8439,s8440,United States
8441,s8442,United States
8442,s8443,United States
8443,s8444,United States
8445,s8446,United States
8448,s8449,United States
8449,s8450,United States
8451,s8452,United States
8455,s8456,United States
8458,s8459,United States
8461,s8462,United States
8466,s8467,United States
8468,s8469,United States
8469,s8470,United States
8470,s8471,United States
8474,s8475,United States
8478,s8479,United States
8479,s8480,United States
8486,s8487,United States
8488,s8489,United States
8489,s8490,United States
8492,s8493,United States
8495,s8496,United States
8499,s8500,United States
8500,s8501,United States
8502,s8503,United States
8503,s8504,United States
8505,s8506,United States
8507,s8508,United States
8511,s8512,United States
8512,s8513,United States
8513,s8514,United States
8515,s8516,United States
8517,s8518,United States
8518,s8519,United States
8519,s8520,United States
8520,s8521,United States
8522,s8523,United States
8524,s8525,United States
8526,s8527,United States
8527,s8528,United States
8529,s8530,United States
8532,s8533,United States
8533,s8534,United States
8534,s8535,United States
8535,s8536,United States
8537,s8538,United States
8540,s8541,United States
8541,s8542,United States
8542,s8543,United States
8545,s8546,United States
8547,s8548,United States
8548,s8549,United States
8549,s8550,United States
8551,s8552,United States
8554,s8555,United States
8557,s8558,United States
8559,s8560,United States
8572,s8573,United States
8573,s8574,United States
8580,s8581,United States
8586,s8587,United States
8587,s8588,United States
8594,s8595,United States
8595,s8596,United States
8598,s8599,United States
8605,s8606,United States
8607,s8608,United States
8608,s8609,United States
8610,s8611,United States
8615,s8616,United States
8618,s8619,United States
8621,s8622,United States
8623,s8624,United States
8624,s8625,United States
8631,s8632,United States
8634,s8635,United States
8635,s8636,United States
8636,s8637,United States
8637,s8638,United States
8641,s8642,United States
8642,s8643,United States
8644,s8645,United States
8645,s8646,United States
8655,s8656,United States
8656,s8657,United States
8657,s8658,United States
8660,s8661,United States
8664,s8665,United States
8667,s8668,United States
8669,s8670,United States
8670,s8671,United States
8673,s8674,United States
8675,s8676,United States
8677,s8678,United States
8678,s8679,United States
8689,s8690,United States
8691,s8692,United States
8693,s8694,United States
8701,s8702,United States
8704,s8705,United States
8706,s8707,United States
8707,s8708,United States
8710,s8711,United States
8714,s8715,United States
8716,s8717,United States
8722,s8723,United States
8724,s8725,United States
8726,s8727,United States
8730,s8731,United States
8731,s8732,United States
8734,s8735,United States
8735,s8736,United States
8739,s8740,United States
8742,s8743,United States
8743,s8744,United States
8747,s8748,United States
8750,s8751,United States
8751,s8752,United States
8752,s8753,United States
8754,s8755,United States
8755,s8756,United States
8756,s8757,United States
8757,s8758,United States
8760,s8761,United States
8763,s8764,United States
8764,s8765,United States
8766,s8767,United States
8767,s8768,United States
8780,s8781,United States
8782,s8783,United States
8787,s8788,United States
8790,s8791,United States
8791,s8792,United States
8793,s8794,United States
8802,s8803,United States
8804,s8805,United States
8805,s8806,United States
